"","Maand_Dag","2011","2012","2013","2014","2015","2016","2017","2018","2019","2020","2021","2022","2023","Historical_Min","Historical_Max","Historical_Mean","Naam"
"1","01-01",0,91.81,94.46,80.64,50.38,39.15,51.77,67.25,79.85,99.59,62.59,81.66,98.29,0,99.59,66.5958333333333,"PT"
"2","01-02",0,91.89,94.46,80.64,50.38,39.77,51.77,68.18,79.85,99.81,62.59,82.46,98.29,0,99.81,66.8166666666667,"PT"
"3","01-03",0,91.89,92.62,81.03,50.38,40.4,51.17,69.28,79.85,99.81,62.59,83.14,98.29,0,99.81,66.8466666666667,"PT"
"4","01-04",0,91.89,92.61,82.03,50.38,41.03,51.17,70.35,78.65,100,60.85,83.81,98.29,0,100,66.8975,"PT"
"5","01-05",0,91.89,92.61,82.03,50.38,41.65,51.17,71.79,78.65,100,58.49,84.44,98.29,0,100,66.925,"PT"
"6","01-06",0,91.89,91.02,82.03,50.38,42.28,51.18,72.68,79.21,99.6,56.36,85.02,98.29,0,99.6,66.8041666666667,"PT"
"7","01-07",0,91.89,89.62,82.03,50.38,42.91,51.18,73.46,78.32,98.32,54.39,85.64,98.29,0,98.32,66.5116666666667,"PT"
"8","01-08",0,91.89,89.62,82.03,50.38,43.54,51.18,73.78,76.88,96.17,52.89,86.35,98.29,0,96.17,66.2258333333333,"PT"
"9","01-09",0,91.89,89.04,82.03,50.38,44.14,50.94,73.78,76.88,94.88,52.89,87.14,98.29,0,94.88,66.1658333333333,"PT"
"10","01-10",0,91.22,89.04,82.03,50.38,44.73,50.94,73.78,75.65,94.1,52.89,87.71,98.29,0,94.1,66.0391666666667,"PT"
"11","01-11",0,91.22,89.04,82.03,50.38,45.36,50.26,74.15,75.47,94.1,51.64,87.71,98.29,0,94.1,65.9466666666667,"PT"
"12","01-12",0,91.22,89.04,82.03,50.38,45.94,49.57,73.32,76.09,94.1,49.98,87.71,98.29,0,94.1,65.7816666666667,"PT"
"13","01-13",0,91.22,88.34,82.03,50.38,46.11,49.14,72.64,76.67,92.54,48.24,86.55,98.29,0,92.54,65.3216666666667,"PT"
"14","01-14",0,91.69,88.34,80.77,50.38,46.11,49.14,72.64,76.67,91.24,46.67,85.76,98.29,0,91.69,64.9508333333333,"PT"
"15","01-15",0,91.69,88.35,80.69,52.24,46.11,49.14,71.44,75.37,90.47,45.93,85.76,98.29,0,91.69,64.7658333333333,"PT"
"16","01-16",0,91.69,88.35,78.88,52.24,46.11,49.14,71.44,74.07,90.47,46.56,86.11,NA,0,91.69,64.5883333333333,"PT"
"17","01-17",0,92.05,88.35,78.17,52.24,46.11,48.77,69.85,72.62,89.6,47.16,86.11,NA,0,92.05,64.2525,"PT"
"18","01-18",0,92.05,88.35,78.17,52.24,46.11,47.06,67.76,71.72,89.6,45.92,84.64,NA,0,92.05,63.635,"PT"
"19","01-19",0,92.05,88.35,77.47,52.24,46.11,45.05,66.77,71.72,90.09,44.27,83.83,NA,0,92.05,63.1625,"PT"
"20","01-20",0,92.05,88.35,75.82,52.24,44.77,44.31,66.77,71.72,90.09,44.27,83.03,NA,0,92.05,62.785,"PT"
"21","01-21",0,92.05,88.35,74.08,52.24,43,44.31,66.77,71.72,89.38,44.84,83.03,NA,0,92.05,62.4808333333333,"PT"
"22","01-22",0,91.81,88.35,77.13,52.24,41.79,44.68,66.77,70.71,87.27,45.61,83.03,NA,0,91.81,62.4491666666667,"PT"
"23","01-23",0,91.81,88.35,76.4,52.24,39.85,44.76,66.77,70.71,85.04,46.38,83.03,NA,0,91.81,62.1116666666667,"PT"
"24","01-24",0,91.81,88.35,52.92,52.24,39.85,44.2,66.77,70.72,82.58,47.14,82.09,NA,0,91.81,59.8891666666667,"PT"
"25","01-25",0,92.12,88.35,52.92,52.24,39.85,44.2,66.08,70.96,82.58,47.91,81.2,NA,0,92.12,59.8675,"PT"
"26","01-26",0,92.12,88.35,52.82,52.24,39.85,44.2,66.08,71.53,82.58,48.62,80.01,NA,0,92.12,59.8666666666667,"PT"
"27","01-27",0,92.12,88.35,52.28,52.24,38.34,44.2,66.08,72.17,80.36,49.13,79,NA,0,92.12,59.5225,"PT"
"28","01-28",0,92.12,88.35,51.48,52.24,38.06,44.71,66.08,72.78,78.52,49.88,79,NA,0,92.12,59.435,"PT"
"29","01-29",0,92.12,88.35,50.6,52.24,38.06,45.38,66.08,73.34,77.06,50.62,79.61,NA,0,92.12,59.455,"PT"
"30","01-30",0,92.83,88.35,49.35,52.24,38.06,45.38,66.68,74.05,77.06,51.38,80.15,NA,0,92.83,59.6275,"PT"
"31","01-31",0,93.86,88.3,48.85,52.24,38.06,45.38,66.82,74.75,77.4,52.1,80.15,NA,0,93.86,59.8258333333333,"PT"
"32","02-01",0,94.58,88.46,48.57,52.24,38.06,44.19,66.09,75.48,78.1,52.92,80.15,NA,0,94.58,59.9033333333333,"PT"
"33","02-02",0,94.56,88.35,48.26,52.24,38.06,44.71,66.09,76.23,78.65,53.63,80.15,NA,0,94.56,60.0775,"PT"
"34","02-03",0,94.56,88.3,47.81,52.24,38.06,45.39,66.09,76.9,78.65,54.19,79.26,NA,0,94.56,60.1208333333333,"PT"
"35","02-04",0,94.56,88.35,47.32,52.24,38.06,46.08,66.09,76.9,77.64,53.54,79.26,NA,0,94.56,60.0033333333333,"PT"
"36","02-05",0,91.74,88.3,46.84,52.24,38.06,46.62,66.09,76.03,76.87,54.01,79.75,NA,0,91.74,59.7125,"PT"
"37","02-06",0,86.48,88.5,46.85,52.24,38.06,46.64,64.29,75.19,76.09,54.74,80.41,NA,0,88.5,59.1241666666667,"PT"
"38","02-07",0,86.63,88.45,46.7,52.24,38.06,46.64,62.88,75.19,75.11,55.49,80.41,NA,0,88.45,58.9833333333333,"PT"
"39","02-08",0,85.96,88.45,47.17,52.24,38.06,46,62.88,75.67,75.11,56.24,79.36,NA,0,88.45,58.9283333333333,"PT"
"40","02-09",0,85.38,86.98,47.23,52.24,38.48,45.33,61.93,76.37,75.77,56.94,79.36,NA,0,86.98,58.8341666666667,"PT"
"41","02-10",0,85.77,84.32,46.62,52.24,38.48,44.43,61.93,77.12,76.15,57.32,78.09,NA,0,85.77,58.5391666666667,"PT"
"42","02-11",0,85.77,84.32,45.97,52.23,38.48,44.88,61.93,77.63,75.37,57.83,78.09,NA,0,85.77,58.5416666666667,"PT"
"43","02-12",0,85.77,80.49,45.48,52.23,38.48,45.41,60.69,77.63,74.39,58.56,78.09,NA,0,85.77,58.1016666666667,"PT"
"44","02-13",0,84.05,76.51,45.54,52.23,38.48,45.41,59.94,76.45,73.62,59.32,78.79,NA,0,84.05,57.5283333333333,"PT"
"45","02-14",0,82.45,73.29,45.72,52.23,38.48,45.41,59.94,76.91,72.72,59.91,79.32,NA,0,82.45,57.1983333333333,"PT"
"46","02-15",0,82.46,73.29,45.99,52.23,38.48,45.41,58.21,77.55,73.33,60.47,79.33,NA,0,82.46,57.2291666666667,"PT"
"47","02-16",0,81.87,73.29,45.65,52.23,38.48,45.41,58.21,78.19,74.1,61.25,79.59,NA,0,81.87,57.3558333333333,"PT"
"48","02-17",0,81.87,73.29,44.94,52.23,38.43,45.41,58.21,78.89,74.41,61.94,79.59,NA,0,81.87,57.4341666666667,"PT"
"49","02-18",0,81.93,73.28,44.08,52.23,38.43,45.41,58.21,79.38,74.41,62.62,79.59,NA,0,81.93,57.4641666666667,"PT"
"50","02-19",0,80.04,73.28,44.05,52.23,37.58,45.41,57.39,79.38,72.96,63.37,80.19,NA,0,80.04,57.1566666666667,"PT"
"51","02-20",0,80.03,73.28,44.4,52.23,37.58,45.41,56.56,78.58,71.69,64.08,80.89,NA,0,80.03,57.0608333333333,"PT"
"52","02-21",0,78.45,73.28,44.73,52.23,37.58,45.41,56.56,79.12,71.69,64.78,81.55,NA,0,79.12,57.115,"PT"
"53","02-22",0,78.43,73.28,45.42,52.23,37.58,44.74,56.56,79.68,72.2,65.31,81.63,NA,0,79.68,57.255,"PT"
"54","02-23",0,78.43,73.28,45.42,52.23,37.58,44.08,55.24,80.28,72.74,65.31,79.24,NA,0,80.28,56.9858333333333,"PT"
"55","02-24",0,78.43,73.28,43.33,52.23,37.87,43.41,55.79,80.96,73.21,65.64,76.87,NA,0,80.96,56.7516666666667,"PT"
"56","02-25",0,78.43,73.28,43.33,52.23,37.87,43.41,56.04,81.27,73.91,65.64,74.46,NA,0,81.27,56.6558333333333,"PT"
"57","02-26",0,78.43,73.28,43.33,52.23,37.87,43.41,54.26,81.94,74.62,65.92,74.75,NA,0,81.94,56.67,"PT"
"58","02-27",0,78.5,73.28,42.82,52.23,37.8,43.41,52.28,82.63,75.32,66.62,75.12,NA,0,82.63,56.6675,"PT"
"59","02-28",0,78.43,73.32,43.34,52.23,37.8,43.41,50.24,83.11,75.97,67.1,74.05,NA,0,83.11,56.5833333333333,"PT"
"60","02-29",NA,78.43,NA,NA,NA,37.8,NA,NA,NA,76.67,NA,NA,NA,NA,NA,NA,"PT"
"61","03-01",0,78.43,73.32,43.34,52.23,37.8,42.74,49.5,83.12,79.59,67.35,74.05,NA,0,83.12,56.7891666666667,"PT"
"62","03-02",0,78.43,73.32,43.89,52.23,37.79,42.07,49.5,83.12,80.39,65.65,74.05,NA,0,83.12,56.7033333333333,"PT"
"63","03-03",0,78.43,73.28,44.72,52.23,37.8,42.4,49.5,83.12,81.15,64.82,72.99,NA,0,83.12,56.7033333333333,"PT"
"64","03-04",0,78.43,73.32,45.03,52.23,37.48,43.13,49.5,83.12,81.83,63.98,73.21,NA,0,83.12,56.7716666666667,"PT"
"65","03-05",0,78.43,73.39,45.03,52.23,37.08,43.86,49.5,83.12,82.21,63.31,73.85,NA,0,83.12,56.8341666666667,"PT"
"66","03-06",0,78.43,73.34,44.35,52.23,36.69,44.24,48.76,83.12,82.94,63.31,74.21,NA,0,83.12,56.8016666666667,"PT"
"67","03-07",0,78.43,73.34,44.35,52.23,36.31,44.24,48.76,82.18,83.6,63.31,73.9,NA,0,83.6,56.7208333333333,"PT"
"68","03-08",0,78.43,73.34,44.35,52.23,36.9,44.26,48.76,81.14,84.32,62.16,72.83,NA,0,84.32,56.56,"PT"
"69","03-09",0,78.43,73.34,44.84,52.23,36.54,44.26,48.76,81.14,84.75,60.17,72.83,NA,0,84.75,56.4408333333333,"PT"
"70","03-10",0,78.43,73.34,45.3,52.23,36.16,44.27,49.16,81.14,84.75,60.17,72.83,NA,0,84.75,56.4816666666667,"PT"
"71","03-11",0,78.86,73.34,45.31,52.23,35.77,44.27,49.95,81.14,84.76,60.17,73.22,NA,0,84.76,56.585,"PT"
"72","03-12",0,79.28,73.34,45.74,52.23,35.55,44.27,50.72,81.14,84.76,59.06,73.33,NA,0,84.76,56.6183333333333,"PT"
"73","03-13",0,79.28,73.34,46.27,52.23,35.55,44.88,51.45,81.14,84.78,58.39,73.33,NA,0,84.78,56.72,"PT"
"74","03-14",0,79.28,73.34,46.6,52.23,35.55,45.6,51.75,79.74,85.29,58.39,73.33,NA,0,85.29,56.7583333333333,"PT"
"75","03-15",0,79.28,73.34,47.38,52.23,35.55,46.3,51.75,78.85,85.99,58.39,73.54,NA,0,85.99,56.8833333333333,"PT"
"76","03-16",0,79.28,73.34,48.24,52.23,35.55,46.3,52.18,78.85,86.71,58.9,74.24,NA,0,86.71,57.1516666666667,"PT"
"77","03-17",0,80.07,73.34,49.08,52.23,34.72,46.74,52.18,78.85,87.18,59.61,74.91,NA,0,87.18,57.4091666666667,"PT"
"78","03-18",0,80.07,73.34,49.53,52.23,33.67,47.45,52.18,78.85,87.18,60.32,75.15,NA,0,87.18,57.4975,"PT"
"79","03-19",0,80.09,73.34,50.28,52.23,32.86,48.14,52.18,78.85,87.18,61.01,75.81,NA,0,87.18,57.6641666666667,"PT"
"80","03-20",0,80.07,73.34,51.09,52.23,31.54,48.42,52.18,78.85,87.18,61.58,76.52,NA,0,87.18,57.75,"PT"
"81","03-21",0,80.07,73.34,51.94,52.23,30.49,48.42,52.18,78.85,87.73,62.09,76.8,NA,0,87.73,57.845,"PT"
"82","03-22",0,80.07,73.34,52.75,52.23,29.43,48.42,50.6,78.85,88.22,61.35,76.8,NA,0,88.22,57.6716666666667,"PT"
"83","03-23",0,80.07,73.34,53.59,52.23,29.44,48.42,49.76,78.85,88.22,59.26,76.8,NA,0,88.22,57.4983333333333,"PT"
"84","03-24",0,80.07,73.34,54.48,52.23,29.27,47.59,51.93,78.85,88.86,57.26,77.18,NA,0,88.86,57.5883333333333,"PT"
"85","03-25",0,80.07,73.41,55.32,52.23,29.93,47.59,50.22,78.85,89.53,55.68,77.5,NA,0,89.53,57.5275,"PT"
"86","03-26",0,80.07,73.41,56.09,52.23,30.26,48.16,50.75,78.85,90.23,55.01,81.58,NA,0,90.23,58.0533333333333,"PT"
"87","03-27",0,80.07,73.41,56.89,51.38,30.26,48.6,50.75,78.85,90.96,58.12,78.95,NA,0,90.96,58.1866666666667,"PT"
"88","03-28",0,80.07,73.41,57.69,51.38,30.57,48.6,50.75,78.85,91.67,56.41,79.28,NA,0,91.67,58.2233333333333,"PT"
"89","03-29",0,80.07,73.41,58.48,51.38,30.57,48.61,51.13,78.85,92.14,57.15,79.53,NA,0,92.14,58.4433333333333,"PT"
"90","03-30",0,80.84,73.41,59.27,51.36,30.57,48.65,51.85,82.27,92.79,57.83,79.76,NA,0,92.79,59.05,"PT"
"91","03-31",0,81.46,73.41,59.9,51.38,30.57,49.13,52.57,78.85,93.42,58.4,79.75,NA,0,93.42,59.07,"PT"
"92","04-01",0,82.03,73.41,60.69,51.38,30.57,49.13,53.29,78.02,93.86,58.73,80.06,NA,0,93.86,59.2641666666667,"PT"
"93","04-02",0,81.98,73.41,61.27,51.38,30.57,49.13,54.01,75.97,93.86,59.43,80.06,NA,0,93.86,59.2558333333333,"PT"
"94","04-03",0,81.98,73.41,62.05,51.38,30.57,49.13,54.75,74.76,94.33,60.13,80.06,NA,0,94.33,59.3791666666667,"PT"
"95","04-04",0,81.98,73.41,62.88,51.38,30.57,49.13,55.44,73.27,94.76,60.88,80.06,NA,0,94.76,59.48,"PT"
"96","04-05",0,81.98,74.05,63.74,51.38,30.57,49.39,55.44,72.27,94.76,61.23,78.89,NA,0,94.76,59.475,"PT"
"97","04-06",0,84.5,74.56,64.6,51.38,34.6,49.39,55.44,72.27,94.76,61.23,78.89,NA,0,94.76,60.135,"PT"
"98","04-07",0,85.75,73.94,65.56,51.8,47.52,49.39,56.02,72.68,94.76,60.43,78.89,NA,0,94.76,61.395,"PT"
"99","04-08",0,85.73,73.94,66.52,51.8,47.52,49.39,56.02,72.68,94.81,58.58,79.32,NA,0,94.81,61.3591666666667,"PT"
"100","04-09",0,85.73,74,67.49,51.8,48.02,49.39,56.02,72.68,95.17,57.81,79.96,NA,0,95.17,61.5058333333333,"PT"
"101","04-10",0,85.73,73.48,68.06,50.51,48.73,49.39,55.18,72.68,95.89,57.81,80.64,NA,0,95.89,61.5083333333333,"PT"
"102","04-11",0,85.73,74.24,68.56,50.51,48.89,49.39,53.49,72.68,94.26,57.81,81.43,NA,0,94.26,61.4158333333333,"PT"
"103","04-12",0,85.73,78.14,69.09,50.51,48.89,49.39,51.49,72.68,94.96,56.86,81.88,NA,0,94.96,61.635,"PT"
"104","04-13",0,86.42,78.14,69.91,50.51,48.89,49.39,50.57,72.68,94.96,54.84,81.88,NA,0,94.96,61.5158333333333,"PT"
"105","04-14",0,87.08,74.19,70.73,50.51,48.36,49.98,51.16,55.87,94.96,52.82,82.08,NA,0,94.96,59.8116666666667,"PT"
"106","04-15",0,87.1,74.19,71.14,49.74,48.04,50.7,51.93,72.68,94.96,51.97,82.75,NA,0,94.96,61.2666666666667,"PT"
"107","04-16",0,87.08,73.41,70.73,49.04,48.35,51.48,52.72,72.68,95.38,51.71,83.43,NA,0,95.38,61.3341666666667,"PT"
"108","04-17",0,87.08,72.84,70.73,48.2,48.35,52.14,53.51,73.17,95.99,51.71,84.14,NA,0,95.99,61.4883333333333,"PT"
"109","04-18",0,87.08,73.48,70.73,48.2,48.35,52.14,54.3,73.42,95.99,51.71,84.84,NA,0,95.99,61.6866666666667,"PT"
"110","04-19",0,87.53,73.48,71.18,48.2,48.35,52.14,55.08,73.42,96.59,51.82,85.53,NA,0,96.59,61.9433333333333,"PT"
"111","04-20",0,88.62,71.9,71.43,48.2,48.35,52.14,55.65,74.02,97.13,49.8,86.31,NA,0,97.13,61.9625,"PT"
"112","04-21",0,88.62,71.74,71.88,48.2,48.41,52.51,55.65,74.39,97.13,47.75,87.03,NA,0,97.13,61.9425,"PT"
"113","04-22",0,88.59,71.62,71.87,48.2,48.41,52.51,55.65,74.39,97.13,45.76,87.64,NA,0,97.13,61.8141666666667,"PT"
"114","04-23",0,88.88,73.48,71.68,48.2,48.41,52.51,55.65,74.73,97.13,45.11,88.34,NA,0,97.13,62.01,"PT"
"115","04-24",0,90.49,73.48,71.22,48.2,48.41,52.51,55.65,75.26,97.13,45.11,88.9,NA,0,97.13,62.1966666666667,"PT"
"116","04-25",0,91.26,73.43,71.7,48.2,48.87,52.51,55.65,75.95,97.13,45.11,88.9,NA,0,97.13,62.3925,"PT"
"117","04-26",0,89.78,73.6,72.5,48.2,49.53,51.84,55.65,76.67,97.13,43.78,88.9,NA,0,97.13,62.2983333333333,"PT"
"118","04-27",0,90.57,73.57,73.28,48.61,49.67,51.84,55.65,77.34,97.13,42.83,88.9,NA,0,97.13,62.4491666666667,"PT"
"119","04-28",0,91.39,74.18,73.53,48.61,49.67,51.19,55.65,78.02,97.13,43.1,88.01,NA,0,97.13,62.54,"PT"
"120","04-29",0,92.2,73.6,73.27,47.98,49.67,51.19,55.65,78.02,97.13,43.53,88.18,NA,0,97.13,62.535,"PT"
"121","04-30",0,92.98,73.6,73.27,47.98,49.67,51.77,55.65,78.02,97.13,43.68,88.86,NA,0,97.13,62.7175,"PT"
"122","05-01",0,93.03,73.6,73.78,47.98,49.67,51.77,55.65,78.64,97.77,44.46,89.14,NA,0,97.77,62.9575,"PT"
"123","05-02",0,92.98,73.68,74.22,47.98,49.67,51.77,55.65,79.38,98.42,45.26,89.67,NA,0,98.42,63.2233333333333,"PT"
"124","05-03",0,93.43,73.68,75,47.98,49.67,50.78,55.65,80.1,98.42,45.64,89.67,NA,0,98.42,63.335,"PT"
"125","05-04",0,94.33,73.1,75.81,48.4,49.67,50.12,55.65,80.84,99.04,45.64,88.79,NA,0,99.04,63.4491666666667,"PT"
"126","05-05",0,95.26,73.6,76.7,49.15,49.67,50.12,55.65,81.51,99.75,45.64,88.79,NA,0,99.75,63.82,"PT"
"127","05-06",0,96.16,73.62,77.51,49.15,49.67,50.64,55.65,81.51,100,45.64,88.79,NA,0,100,64.0283333333333,"PT"
"128","05-07",0,96.13,73.62,77.51,49.15,49.67,50.67,55.65,81.51,100,45.92,89.29,NA,0,100,64.0933333333333,"PT"
"129","05-08",0,96.18,73.62,78.26,49.68,49.67,50.67,55.65,82.14,100,46.68,89.74,NA,0,100,64.3575,"PT"
"130","05-09",0,96.18,73.62,78.52,50.46,49.67,50.67,55.65,82.86,100,47.53,89.74,NA,0,100,64.575,"PT"
"131","05-10",0,96.77,73.62,79.28,51.17,49.67,50.67,55.65,83.57,100,48.13,88.21,NA,0,100,64.7283333333333,"PT"
"132","05-11",0,97.66,73.41,80.05,51.17,49.67,51.01,54.71,84.25,100,48.61,88.21,NA,0,100,64.8958333333333,"PT"
"133","05-12",0,98.24,73.41,80.81,51.17,49.67,51.7,54.71,84.77,100,49.22,88.21,NA,0,100,65.1591666666667,"PT"
"134","05-13",0,98.26,73.41,81.59,51.16,49.67,52.36,55.27,85.44,100,50,88.21,NA,0,100,65.4475,"PT"
"135","05-14",0,98.26,73.41,82.33,51.58,49.67,52.36,55.27,85.78,100,50.68,88.67,NA,0,100,65.6675,"PT"
"136","05-15",0,98.26,73.43,83,52.32,49.67,52.36,55.27,85.78,100,51.43,89.27,NA,0,100,65.8991666666667,"PT"
"137","05-16",0,98.26,73.44,83.5,53.05,49.67,52.36,55.27,85.78,100,52.29,89.83,NA,0,100,66.1208333333333,"PT"
"138","05-17",0,98.26,73.45,83.5,53.8,49.67,52.36,55.27,86.28,100,53.08,89.8,NA,0,100,66.2891666666667,"PT"
"139","05-18",0,98.26,73.46,83.5,54.21,49.67,52.36,55.27,86.28,100,53.37,88.91,NA,0,100,66.2741666666667,"PT"
"140","05-19",0,98.26,73.48,83.5,54.49,48.78,52.36,55.27,86.28,100,53.7,88.99,NA,0,100,66.2591666666667,"PT"
"141","05-20",0,98.26,73.48,82.84,54.49,48.78,52.36,55.27,86.28,100,53.7,88.99,NA,0,100,66.2041666666667,"PT"
"142","05-21",0,98.26,73.48,82.84,54.49,48.78,52.94,53.52,86.28,100,54.15,89.45,NA,0,100,66.1825,"PT"
"143","05-22",0,98.26,73.48,82.25,54.49,48.78,52.94,53.52,86.28,100,54.91,90.06,NA,0,100,66.2475,"PT"
"144","05-23",0,98.26,73.48,82.25,54.49,48.78,52.94,53.52,86.28,100,55.76,90.06,NA,0,100,66.3183333333333,"PT"
"145","05-24",0,98.26,73.48,82.25,54.49,48.78,52.11,53.52,86.28,100,56.55,90.08,NA,0,100,66.3166666666667,"PT"
"146","05-25",0,98.25,73.48,82.25,54.49,48.78,51.28,53.52,86.93,100,56.99,90.54,NA,0,100,66.3758333333333,"PT"
"147","05-26",0,98.25,73.48,82.25,54.49,48.78,50.45,53.52,87.64,100,56.4,91,NA,0,100,66.355,"PT"
"148","05-27",0,98.26,76,81.84,54.49,48.78,50.61,53.52,87.94,100,56.98,91.48,NA,0,100,66.6583333333333,"PT"
"149","05-28",0,98.25,76.23,81.84,53.37,48.78,50.99,53.52,86.56,100,57.65,92.11,NA,0,100,66.6083333333333,"PT"
"150","05-29",0,96.55,76.45,81.84,53.37,48.78,51.21,53.52,86.64,100,58.36,92.44,NA,0,100,66.5966666666667,"PT"
"151","05-30",0,96.55,76.62,79.62,52.77,48.78,51.21,52.6,85.34,100,59.14,92.44,NA,0,100,66.2558333333333,"PT"
"152","05-31",0,96.55,76.84,78.41,52.77,48.78,51.21,52.47,85.34,100,59.88,92.97,NA,0,100,66.2683333333333,"PT"
"153","06-01",0,96.71,77.07,78.03,52.77,47.07,51.21,53.19,85.34,100,60.47,83.67,NA,0,100,65.4608333333333,"PT"
"154","06-02",0,97.14,77.31,76.49,51.17,45.47,51.21,53.94,85.34,99.91,61.1,83.31,NA,0,99.91,65.1991666666667,"PT"
"155","06-03",0,97.14,77.53,73.97,49.49,45.34,51.76,54.67,85.34,99.03,61.62,83.31,NA,0,99.03,64.9333333333333,"PT"
"156","06-04",0,97.13,77.77,72.59,49.49,45.34,52.47,55.43,84.44,99.03,62.15,83.84,NA,0,99.03,64.9733333333333,"PT"
"157","06-05",0,97.11,77.99,71.67,49.49,45.34,52.99,56.18,84.44,99.03,62.81,84.49,NA,0,99.03,65.1283333333333,"PT"
"158","06-06",0,97.13,78.22,71.67,49.49,45.34,52.99,56.88,84.44,99.03,63.58,84.85,NA,0,99.03,65.3016666666667,"PT"
"159","06-07",0,98.81,78.22,72.03,49.49,45.34,52.99,57.41,84.02,99.43,64.3,84.85,NA,0,99.43,65.5741666666667,"PT"
"160","06-08",0,98.17,78.22,72.81,49.49,45.34,52.99,57.42,83.82,99.43,64.64,84.87,NA,0,99.43,65.6,"PT"
"161","06-09",0,98.17,78.22,73.33,47.88,45.34,52.99,57.42,84.27,99.43,64.93,85.1,NA,0,99.43,65.59,"PT"
"162","06-10",0,98.81,78.22,73.33,47.88,45.34,53.53,58.06,84.27,98.55,65.47,85.67,NA,0,98.81,65.7608333333333,"PT"
"163","06-11",0,98.81,78.22,72.94,47.88,45.92,54.23,58.75,83.41,98.55,66.06,86.27,NA,0,98.81,65.92,"PT"
"164","06-12",0,98.81,78.22,72.1,47.88,46.6,54.76,59.44,82.4,99.13,66.78,86.91,NA,0,99.13,66.0858333333333,"PT"
"165","06-13",0,98.24,78.22,71.95,47.88,46.74,54.76,60.12,81.1,99.62,67.56,86.91,NA,0,99.62,66.0916666666667,"PT"
"166","06-14",0,98.81,78.22,72.75,47.88,47.26,54.76,60.82,79.96,99.62,67.88,86.91,NA,0,99.62,66.2391666666667,"PT"
"167","06-15",0,98.24,78.22,73.52,47.88,47.91,55.18,61.54,79.96,98.36,66.78,87.24,NA,0,98.36,66.2358333333333,"PT"
"168","06-16",0,98.24,78.22,74.11,47.88,48.39,55.18,62.28,79.96,98.36,65.53,87.24,NA,0,98.36,66.2825,"PT"
"169","06-17",0,98.81,78.22,73.59,48.35,48.39,55.74,63.01,79.01,97.53,65.53,87.72,NA,0,98.81,66.325,"PT"
"170","06-18",0,96.78,78.97,72.99,49.09,48.39,55.74,63.76,78.11,97.53,64.76,88.29,NA,0,97.53,66.2008333333333,"PT"
"171","06-19",0,96.78,78.91,72.99,49.81,48.97,55.74,64.4,76.16,97.78,65.33,88.77,NA,0,97.78,66.3033333333333,"PT"
"172","06-20",0,96.78,78.94,72.07,50.14,49.12,55.74,64.4,75.67,98.46,66.1,89.37,NA,0,98.46,66.3991666666667,"PT"
"173","06-21",0,96.78,79.69,72.07,50.43,49.12,55.74,63.57,76.18,99.13,66.41,89.57,NA,0,99.13,66.5575,"PT"
"174","06-22",0,96.78,79.69,72.07,50.43,49.46,55.74,64.15,76.87,99.63,65.55,89.57,NA,0,99.63,66.6616666666667,"PT"
"175","06-23",0,96.78,78.49,72.07,48.9,49.46,55.74,64.89,77.46,99.63,64.68,89.97,NA,0,99.63,66.5058333333333,"PT"
"176","06-24",0,96.78,78.49,72.07,48.9,49.46,55.74,65.62,76.52,99.63,64.68,90.52,NA,0,99.63,66.5341666666667,"PT"
"177","06-25",0,97.36,78.49,72.07,48.9,50.01,55.74,66.37,75.31,99.63,65.06,91.09,NA,0,99.63,66.6691666666667,"PT"
"178","06-26",0,95.88,78.49,72.07,48.9,50.45,55.74,66.77,75.31,99.63,65.84,91.71,NA,0,99.63,66.7325,"PT"
"179","06-27",0,95.87,78.49,72.07,48.9,50.45,55.74,66.77,75.31,100,66.69,92.31,NA,0,100,66.8833333333333,"PT"
"180","06-28",0,95.87,78.49,72.07,48.9,50.45,55.74,66.77,74.31,100,67.48,92.31,NA,0,100,66.8658333333333,"PT"
"181","06-29",0,95.87,78.49,72.07,48.9,48.73,55.74,66.77,74.87,100,67.5,92.31,NA,0,100,66.7708333333333,"PT"
"182","06-30",0,95.87,78.49,72.07,48.9,47.49,56.21,66.77,75.66,100,67.8,92.75,NA,0,100,66.8341666666667,"PT"
"183","07-01",0,95.87,78.49,72.07,47.29,46.5,56.91,66.77,76.2,100,68.48,92.99,NA,0,100,66.7975,"PT"
"184","07-02",0,95.32,78.49,72.07,47.29,46.5,57.64,66.77,75.12,99.98,69.15,93.56,NA,0,99.98,66.8241666666667,"PT"
"185","07-03",0,95.87,78.49,72.07,47.29,47.06,58.38,65.81,74.25,99.98,69.86,94.19,NA,0,99.98,66.9375,"PT"
"186","07-04",0,95.87,78.22,70.83,47.29,47.09,58.6,65.61,73.13,99.98,70.64,94.78,NA,0,99.98,66.8366666666667,"PT"
"187","07-05",0,95.87,78.22,70.83,47.29,46.36,58.6,65.21,72.02,99.98,71.27,94.78,NA,0,99.98,66.7025,"PT"
"188","07-06",0,95.87,78.22,70.83,47.29,45.11,58.6,64.19,71.22,99.98,71.27,94.78,NA,0,99.98,66.4466666666667,"PT"
"189","07-07",0,95.87,78.22,70.83,45.67,44.3,58.6,64.19,71.22,99.98,71.89,94.78,NA,0,99.98,66.2958333333333,"PT"
"190","07-08",0,95.87,78.22,70.83,41.78,44.13,59.09,64.5,70.07,99.01,72.63,94.78,NA,0,99.01,65.9091666666667,"PT"
"191","07-09",0,95.87,78.22,70.83,41.78,44.13,59.09,64.5,68.27,99.01,73.33,94.78,NA,0,99.01,65.8175,"PT"
"192","07-10",0,94.3,78.22,70.83,41.78,44.13,59.09,63.44,68.27,99.01,74.07,94.78,NA,0,99.01,65.66,"PT"
"193","07-11",0,94.3,78.22,70.83,41.78,44.13,59.09,62.71,67.47,99.37,74.35,95.03,NA,0,99.37,65.6066666666667,"PT"
"194","07-12",0,92.83,78.22,70.83,41.78,44.13,59.09,61.92,67.47,99.37,74.35,95.03,NA,0,99.37,65.4183333333333,"PT"
"195","07-13",0,90.64,78.22,70.83,41.78,44.13,59.09,61.92,68.11,99.37,72.87,95.03,NA,0,99.37,65.1658333333333,"PT"
"196","07-14",0,90.64,78.22,70.83,41.78,44.69,59.09,61.92,68.9,99.37,70.89,95.03,NA,0,99.37,65.1133333333333,"PT"
"197","07-15",0,91.04,78.22,70.83,40.27,45.38,59.09,61.92,69.65,99.37,70.08,95.03,NA,0,99.37,65.0733333333333,"PT"
"198","07-16",0,91.18,78.22,70.83,40.27,46.01,59.09,61.26,69.89,99.37,70.08,95.03,NA,0,99.37,65.1025,"PT"
"199","07-17",0,91.49,78.22,70.83,40.27,46.7,59.09,60.44,69.1,99.36,69.29,95.49,NA,0,99.36,65.0233333333333,"PT"
"200","07-18",0,91.49,78.22,70.83,40.27,47.02,59.09,59.64,69.1,99.36,68.39,95.49,NA,0,99.36,64.9083333333333,"PT"
"201","07-19",0,91.49,78.22,70.83,40.27,47.02,59.09,58.85,69.1,99.36,68.39,95.49,NA,0,99.36,64.8425,"PT"
"202","07-20",0,91.49,78.22,70.83,40.27,47.02,59.09,58.06,69.79,99.36,66.76,95.49,NA,0,99.36,64.6983333333333,"PT"
"203","07-21",0,91.22,78.22,70.83,40.27,45.64,59.09,58.06,70.59,99.36,65.49,95.49,NA,0,99.36,64.5216666666667,"PT"
"204","07-22",0,91.22,78.22,70.83,40.27,45.44,59.48,58.06,70.82,99.36,65.49,95.49,NA,0,99.36,64.5566666666667,"PT"
"205","07-23",0,91.49,78.22,70.83,40.27,46.01,60.16,58.06,70.04,99.36,65.7,95.99,NA,0,99.36,64.6775,"PT"
"206","07-24",0,91.49,78.22,70.83,40.27,46.68,60.77,58.06,70.04,99.36,66.48,95.99,NA,0,99.36,64.8491666666667,"PT"
"207","07-25",0,91.49,78.22,70.83,40.92,47.35,60.8,56.41,69.25,99.36,66.98,95.99,NA,0,99.36,64.8,"PT"
"208","07-26",0,91.49,78.22,70.83,41.58,47.47,60.77,56.41,69.59,99.36,66.98,96.48,NA,0,99.36,64.9316666666667,"PT"
"209","07-27",0,91.49,78.22,70.83,41.58,46.21,60.77,56.41,70.35,99.36,67.59,96.48,NA,0,99.36,64.9408333333333,"PT"
"210","07-28",0,91.49,78.22,70.83,41.99,45.49,61.11,56.41,71.14,99.36,68.15,96.48,NA,0,99.36,65.0558333333333,"PT"
"211","07-29",0,91.49,78.22,70.83,41.99,44.83,61.76,57.01,71.9,99.36,68.48,96.48,NA,0,99.36,65.1958333333333,"PT"
"212","07-30",0,91.52,78.22,70.83,41.99,44.83,62.48,57.79,72.37,98.2,69.25,96.48,NA,0,98.2,65.33,"PT"
"213","07-31",0,91.49,78.22,70.83,41.99,44.93,62.94,58.55,73.05,98.2,70.04,96.48,NA,0,98.2,65.56,"PT"
"214","08-01",0,91.49,78.22,70.83,42.42,45.35,62.94,59.32,73.44,98.2,70.87,96.48,NA,0,98.2,65.7966666666667,"PT"
"215","08-02",0,91.49,78.22,70.83,43.09,45.83,62.94,60.08,73.72,98.92,70.87,96.48,NA,0,98.92,66.0391666666667,"PT"
"216","08-03",0,91.49,78.22,70.83,43.76,46.06,62.94,60.77,74.38,99.25,70.87,96.48,NA,0,99.25,66.2541666666667,"PT"
"217","08-04",0,91.49,78.22,70.83,43.76,45.3,63.41,61.02,75.14,99.76,70.87,96.48,NA,0,99.76,66.3566666666667,"PT"
"218","08-05",0,91.49,78.22,71.4,43.03,45.12,64.04,61.6,75.81,100,70.87,96.48,NA,0,100,66.505,"PT"
"219","08-06",0,91.49,77.77,71.93,43.03,45.68,64.71,61.6,76.15,100,71.47,96.48,NA,0,100,66.6925,"PT"
"220","08-07",0,91.49,77.77,72.47,43.03,46.35,64.94,61.6,76.54,100,72.24,96.48,NA,0,100,66.9091666666667,"PT"
"221","08-08",0,91.49,78.22,72.96,43.65,47,64.94,61.6,76.83,100,73.01,96.48,NA,0,100,67.1816666666667,"PT"
"222","08-09",0,91.49,78.22,72.96,43.65,47.69,64.94,61.6,77.49,100,73.01,96.48,NA,0,100,67.2941666666667,"PT"
"223","08-10",0,91.49,78.22,73.47,43.65,48.45,65.37,61.6,78.18,100,73.01,96.48,NA,0,100,67.4933333333333,"PT"
"224","08-11",0,91.49,78.22,74.27,43.65,49.16,66.05,61.6,78.92,100,71.34,96.48,NA,0,100,67.5983333333333,"PT"
"225","08-12",0,91.49,78.22,75.08,43.65,49.79,66.63,61.6,79.71,100,69.37,96.48,NA,0,100,67.6683333333333,"PT"
"226","08-13",0,91.49,78.22,75.89,44.07,50.38,67.35,61.6,80.44,100,67.37,96.48,NA,0,100,67.7741666666667,"PT"
"227","08-14",0,91.49,78.22,76.7,44.73,51.02,67.57,61.6,81.16,100,66.63,96.48,NA,0,100,67.9666666666667,"PT"
"228","08-15",0,91.49,78.22,77.51,45.39,51.74,53.39,61.6,81.92,100,66.63,96.48,NA,0,100,67.0308333333333,"PT"
"229","08-16",0,91.49,78.22,77.51,46.05,51.8,67.57,61.6,82.7,100,66.63,96.48,NA,0,100,68.3375,"PT"
"230","08-17",0,91.49,78.22,77.51,46.33,51.8,66.37,62.18,83.52,100,67.3,96.48,NA,0,100,68.4333333333333,"PT"
"231","08-18",0,91.49,78.22,78.37,46.33,51.8,66.37,62.95,84.34,100,68.09,97.01,NA,0,100,68.7475,"PT"
"232","08-19",0,91.49,78.22,79.23,46.83,52.29,66.37,63.5,85.13,100,68.62,97.14,NA,0,100,69.0683333333333,"PT"
"233","08-20",0,89.9,78.22,80.01,46.83,52.95,66.37,63.5,85.76,100,68.88,97.14,NA,0,100,69.13,"PT"
"234","08-21",0,89.91,78.22,79.59,46.83,53.65,66.37,63.89,86.51,100,69.45,97.14,NA,0,100,69.2966666666667,"PT"
"235","08-22",0,89.91,78.22,79.59,47.45,54.18,66.37,63.89,87.26,100,70.11,97.14,NA,0,100,69.51,"PT"
"236","08-23",0,89.91,78.22,79.59,48.05,54.18,66.37,63.89,87.99,100,70.77,97.14,NA,0,100,69.6758333333333,"PT"
"237","08-24",0,89.91,78.22,80.08,48.05,54.18,66.37,64.24,88.74,100,71.07,97.14,NA,0,100,69.8333333333333,"PT"
"238","08-25",0,89.91,78.22,80.9,48.05,54.18,66.37,64.97,90.02,100,71.07,97.14,NA,0,100,70.0691666666667,"PT"
"239","08-26",0,89.91,78.22,81.75,48,54.47,66.37,65.72,91.39,100,70.22,97.14,NA,0,100,70.2658333333333,"PT"
"240","08-27",0,89.92,78.22,82.54,48.67,54.98,66.37,65.72,92.1,100,69.55,97.14,NA,0,100,70.4341666666667,"PT"
"241","08-28",0,89.92,78.22,82.9,49.33,54.98,66.37,64.05,92.19,100,70.05,97.14,NA,0,100,70.4291666666667,"PT"
"242","08-29",0,89.91,78.22,82.4,49.67,55.16,66.92,62.03,92.47,100,70.72,97.14,NA,0,100,70.3866666666667,"PT"
"243","08-30",0,90.33,78.22,82.4,49.89,55.16,67.61,62.03,92.9,100,70.72,97.14,NA,0,100,70.5333333333333,"PT"
"244","08-31",0,91.39,78.22,82.4,49.89,55.16,67.86,62.03,93.52,100,69.52,97.14,NA,0,100,70.5941666666667,"PT"
"245","09-01",0,92.23,78.22,82.4,49.89,55.16,68.23,62.52,94.21,100,68.34,97.14,NA,0,100,70.695,"PT"
"246","09-02",0,92.23,78.22,81.64,49.06,55.16,68.94,63.26,94.85,100,66.4,97.14,NA,0,100,70.575,"PT"
"247","09-03",0,92.23,78.56,80.51,48.15,54.48,69.62,63.81,95.34,100,66.64,97.14,NA,0,100,70.54,"PT"
"248","09-04",0,92.21,79.29,78.48,48.15,54.48,69.9,62.85,95.92,100,67.01,97.14,NA,0,100,70.4525,"PT"
"249","09-05",0,92.21,79.67,78.48,48.15,54.48,69.9,60.83,96.52,100,67.55,97.42,NA,0,100,70.4341666666667,"PT"
"250","09-06",0,92.21,79.67,78.48,48.15,53.18,69.9,59.7,97.07,100,67.61,97.42,NA,0,100,70.2825,"PT"
"251","09-07",0,92.21,79.67,78.48,48.15,51.59,69.9,59.7,97.78,100,65.67,97.42,NA,0,100,70.0475,"PT"
"252","09-08",0,92.33,79.53,78.48,48.15,50.57,70.24,60.09,98.31,100,65.06,97.42,NA,0,100,70.015,"PT"
"253","09-09",0,90.05,79.53,76.81,46.59,50.57,70.92,60.09,98.31,100,63.83,97.42,NA,0,100,69.51,"PT"
"254","09-10",0,89.47,79.53,75.44,45.33,50.57,71.6,60.09,98.91,100,63.09,97.42,NA,0,100,69.2875,"PT"
"255","09-11",0,89.57,79.53,74.49,44.72,50.57,72.27,59.32,99.59,100,62.33,97.42,NA,0,100,69.1508333333333,"PT"
"256","09-12",0,89.57,79.69,74.49,44.67,50.57,72.95,59.32,100,100,62.33,97.42,NA,0,100,69.2508333333333,"PT"
"257","09-13",0,89.57,79.69,74.49,44.67,49.95,73.64,58.31,100,100,62.33,97.42,NA,0,100,69.1725,"PT"
"258","09-14",0,89.57,79.69,74.49,44.67,48.98,74.33,58.31,100,100,61.49,97.42,NA,0,100,69.0791666666667,"PT"
"259","09-15",0,89.57,80.14,73.92,44.95,48.56,75,58.31,100,100,60.75,97.42,NA,0,100,69.0516666666667,"PT"
"260","09-16",0,89.57,80.12,73.93,45.56,48.6,75.65,58.31,100,99.89,59.67,97.42,NA,0,100,69.06,"PT"
"261","09-17",0,89.57,80.08,73.93,46.2,48.69,76.03,58.31,100,98.75,58.93,97.42,NA,0,100,68.9925,"PT"
"262","09-18",0,89.57,80.07,73.93,46.86,48.69,76.03,56.49,100,97.97,58.93,97.42,NA,0,100,68.83,"PT"
"263","09-19",0,89.57,80.08,74.71,47.53,48.69,76.03,54.91,100,97.97,58.93,97.42,NA,0,100,68.82,"PT"
"264","09-20",0,89.57,80.11,75.49,48.22,47.58,74.76,54.98,100,98.3,58.93,97.42,NA,0,100,68.78,"PT"
"265","09-21",0,89.57,80.12,76.28,48.67,47.17,73.35,54.74,100,98.54,58.17,97.42,NA,0,100,68.6691666666667,"PT"
"266","09-22",0,89.57,80.12,76.65,48.67,45.54,73.35,54.74,100,98.08,56.19,97.42,NA,0,100,68.3608333333333,"PT"
"267","09-23",0,87.72,80.12,75.2,48.67,45.17,73.35,54.74,100,97.27,55.45,97.43,NA,0,100,67.9266666666667,"PT"
"268","09-24",0,88.11,80.12,75.2,48.67,45.17,73.35,55,100,97.63,54.21,97.43,NA,0,100,67.9075,"PT"
"269","09-25",0,88.11,80.12,75.2,48.67,45.17,73.35,55.34,100,98.31,53.22,97.43,NA,0,100,67.91,"PT"
"270","09-26",0,88.43,80.12,75.2,48.67,45.17,71.99,55.34,100,99.44,51.48,97.43,NA,0,100,67.7725,"PT"
"271","09-27",0,88.43,80.12,75.2,48.67,45.17,70.35,54.13,100,100,50.41,97.43,NA,0,100,67.4925,"PT"
"272","09-28",0,88.43,80.12,76.06,48.67,45.17,68.8,54.13,100,100,49.62,97.43,NA,0,100,67.3691666666667,"PT"
"273","09-29",0,88.43,80.12,76.4,47.33,45.17,67.23,54.7,100,98.72,49.65,97.43,NA,0,100,67.0983333333333,"PT"
"274","09-30",0,88.43,80.12,76.4,46,45.17,67.23,54.7,100,98.72,49.9,97.43,NA,0,100,67.0083333333333,"PT"
"275","10-01",0,88.43,80.12,76.4,45.01,45.43,53.06,55.33,100,100,49.9,97.43,NA,0,100,65.9258333333333,"PT"
"276","10-02",0,88.37,80.12,76.4,45.01,45.43,67.23,56.13,100,100,50.55,97.43,NA,0,100,67.2225,"PT"
"277","10-03",0,88.43,80.11,76.4,44.56,45.19,66.39,56.81,100,98.49,51.34,97.43,NA,0,100,67.0958333333333,"PT"
"278","10-04",0,88.43,80.11,76.92,44.56,45.14,66.39,56.81,100,98.08,52.18,97.43,NA,0,100,67.1708333333333,"PT"
"279","10-05",0,88.43,80.12,77.75,44.92,45.14,66.39,56.81,100,98.94,53.01,97.43,NA,0,100,67.4116666666667,"PT"
"280","10-06",0,88.43,80.11,78.58,45.22,45.19,66.88,57.42,100,99.19,53.72,97.43,NA,0,100,67.6808333333333,"PT"
"281","10-07",0,88.43,80.11,79.42,45.22,45.19,67.57,58.18,100,99.5,54.19,97.43,NA,0,100,67.9366666666667,"PT"
"282","10-08",0,88.43,80.71,80.23,44.7,45.36,68.27,58.92,100,99.72,54.57,97.43,NA,0,100,68.195,"PT"
"283","10-09",0,88.43,80.71,80.89,44.7,45.36,68.35,59.24,100,99.72,55.33,97.96,NA,0,100,68.3908333333333,"PT"
"284","10-10",0,88.43,81.18,81.2,44.7,45.36,68.35,59.88,100,100,56.17,97.96,NA,0,100,68.6025,"PT"
"285","10-11",0,88.43,81.18,81.26,44.7,45.9,68.35,60.61,100,100,56.97,97.96,NA,0,100,68.78,"PT"
"286","10-12",0,88.43,81.18,81.99,44.7,46.54,68.35,61.39,100,100,57.57,97.96,NA,0,100,69.0091666666667,"PT"
"287","10-13",0,88.43,81.16,82.83,44.44,47.18,68.96,61.9,100,100,58.1,97.96,NA,0,100,69.2466666666667,"PT"
"288","10-14",0,88.43,81.16,83.69,43.85,47.82,69.65,62.66,100,100,58.53,97.96,NA,0,100,69.4791666666667,"PT"
"289","10-15",0,88.43,81.16,84.49,43.85,48.47,70.12,62.91,100,100,59.02,97.96,NA,0,100,69.7008333333333,"PT"
"290","10-16",0,88.43,81.16,84.49,43.3,49.01,70.12,62.91,100,100,59.72,97.96,NA,0,100,69.7583333333333,"PT"
"291","10-17",0,88.43,81.18,85.3,42.64,49.01,70.12,63.29,100,100,60.49,97.96,NA,0,100,69.8683333333333,"PT"
"292","10-18",0,88.43,81.18,86.12,42.64,49.01,70.12,63.83,100,100,61.25,97.96,NA,0,100,70.045,"PT"
"293","10-19",0,88.43,81.18,86.97,41.69,48.66,70.16,64.6,100,100,61.79,97.96,NA,0,100,70.12,"PT"
"294","10-20",0,88.43,81.18,87.82,41.04,48.66,70.15,65.36,100,100,62.47,98.32,NA,0,100,70.2858333333333,"PT"
"295","10-21",0,88.43,81.18,87.08,40.34,48.66,70.15,66.13,100,100,62.89,98.32,NA,0,100,70.265,"PT"
"296","10-22",0,88.43,81.18,87.08,39.16,49.23,70.15,66.9,100,100,62.89,98.32,NA,0,100,70.2783333333333,"PT"
"297","10-23",0,88.43,81.18,87.08,37.97,49.91,70.15,67.66,100,100,63.48,98.32,NA,0,100,70.3483333333333,"PT"
"298","10-24",0,88.43,81.18,87.88,37.52,50.1,70.15,68.4,100,95.47,64.01,98.32,NA,0,100,70.1216666666667,"PT"
"299","10-25",0,88.43,81.18,87.88,37.52,50.1,70.15,68.4,100,97.78,64.01,98.32,NA,0,100,70.3141666666667,"PT"
"300","10-26",0,88.43,80.7,87.88,37.52,50.1,70.15,67.56,100,96.24,64.28,98.32,NA,0,100,70.0983333333333,"PT"
"301","10-27",0,88.43,81.18,87.88,35.95,50.24,70.15,65.61,100,93.85,64.56,98.32,NA,0,100,69.6808333333333,"PT"
"302","10-28",0,88.43,81.18,88.08,35.95,50.96,67.86,69.1,100,92.05,65.25,98.32,NA,0,100,69.765,"PT"
"303","10-29",0,88.57,81.18,87.88,34.89,51.69,71.4,69.87,100,91.25,65.9,98.32,NA,0,100,70.0791666666667,"PT"
"304","10-30",0,94.51,81.18,87.88,34.89,52.4,72.07,69.06,100,91.37,63.99,98.32,NA,0,100,70.4725,"PT"
"305","10-31",0,88.53,81.18,87.88,34.89,53.09,72.25,67.21,100,92.08,67.42,98.32,NA,0,100,70.2375,"PT"
"306","11-01",0,88.94,82.23,87.88,34.89,53.77,72.51,67.84,100,92.87,68.22,98.32,NA,0,100,70.6225,"PT"
"307","11-02",0,90.51,83.32,87.88,34.67,53.85,73.18,68.58,100,92.87,68.77,98.32,NA,0,100,70.9958333333333,"PT"
"308","11-03",0,91.49,84.45,87.88,34.67,53.12,73.82,69.35,100,92.87,68.77,98.32,NA,0,100,71.2283333333333,"PT"
"309","11-04",0,91.58,85.36,87.88,34.09,52.5,74.47,70.1,100,92.87,68.77,98.32,NA,0,100,71.3283333333333,"PT"
"310","11-05",0,91.74,86.29,87.88,34.09,52.5,75.15,70.1,100,93.38,69.28,98.32,NA,0,100,71.5608333333333,"PT"
"311","11-06",0,91.72,87.45,87.88,33.5,53.06,75.15,70.1,100,94.1,69.99,98.32,NA,0,100,71.7725,"PT"
"312","11-07",0,91.58,88.15,86.48,33.5,53.06,75.15,70.1,100,94.79,70.81,98.32,NA,0,100,71.8283333333333,"PT"
"313","11-08",0,89.85,89.25,86.48,33.5,53.06,74.17,70.1,100,95.34,71.56,98.32,NA,0,100,71.8025,"PT"
"314","11-09",0,89.85,88.15,86.48,32.84,53.06,74.17,70.1,100,95.34,71.98,98.32,NA,0,100,71.6908333333333,"PT"
"315","11-10",0,89.85,88.15,85.72,31.86,53.06,74.17,70.45,100,93.82,71.98,98.32,NA,0,100,71.4483333333333,"PT"
"316","11-11",0,89.85,88.15,85.72,31.86,53.06,74.17,71.12,100,93.82,71.98,98.32,NA,0,100,71.5041666666667,"PT"
"317","11-12",91.89,89.85,88.15,85.72,31.86,53.06,74.75,71.12,100,93.82,71.98,98.32,NA,31.86,100,79.21,"PT"
"318","11-13",91.89,89.85,88.71,85.72,31.86,53.06,74.75,70.1,100,92.82,72.54,98.32,NA,31.86,100,79.135,"PT"
"319","11-14",91.88,89.85,88.7,85.72,31.86,53.06,73.62,70.1,100,92.82,73.29,98.32,NA,31.86,100,79.1016666666667,"PT"
"320","11-15",91.88,89.85,88.7,85.72,31.86,51.74,72.01,70.21,100,92.82,73.52,98.32,NA,31.86,100,78.8858333333333,"PT"
"321","11-16",91.88,89.85,88.7,85.72,31.86,50.15,70.81,70.56,100,92.82,73.75,98.32,NA,31.86,100,78.7016666666667,"PT"
"322","11-17",91.88,89.85,88.73,85.72,31.86,49.32,69.55,71.25,100,91.92,73.95,98.32,NA,31.86,100,78.5291666666667,"PT"
"323","11-18",91.88,89.85,88.08,85.72,31.86,49.32,69.55,71.93,100,91.92,73.27,98.32,NA,31.86,100,78.475,"PT"
"324","11-19",91.88,89.85,86.78,85.72,31.86,49.32,69.55,71.93,100,91.92,73.27,98.32,NA,31.86,100,78.3666666666667,"PT"
"325","11-20",91.88,89.85,85.88,85.72,31.86,49.32,68.49,70.71,100,91.92,73.81,98.32,NA,31.86,100,78.1466666666667,"PT"
"326","11-21",91.88,89.85,84,85.72,31.86,49.7,67.62,70.71,100,91.92,74.07,98.32,NA,31.86,100,77.9708333333333,"PT"
"327","11-22",91.88,89.85,84,84.32,31.86,49.7,67.61,69.55,100,91.92,74.07,98.32,NA,31.86,100,77.7566666666667,"PT"
"328","11-23",91.88,89.85,84.28,84.32,31.86,49.1,67.61,68.55,100,91.32,73.29,98.32,NA,31.86,100,77.5316666666667,"PT"
"329","11-24",91.88,89.85,83.55,82.44,31.86,49.1,68.14,69.24,100,89.75,72.05,98.32,NA,31.86,100,77.1816666666667,"PT"
"330","11-25",91.88,89.85,82.61,80.68,31.86,49.1,68.83,69.24,100,87.35,72.05,98.32,NA,31.86,100,76.8141666666667,"PT"
"331","11-26",91.88,89.85,80.85,78.64,31.86,49.1,69.38,69.53,100,84.95,72.05,98.32,NA,31.86,100,76.3675,"PT"
"332","11-27",91.88,90.02,79.53,77.75,31.86,49.1,69.37,69.54,100,84.35,72.64,98.32,NA,31.86,100,76.1966666666667,"PT"
"333","11-28",91.88,89.19,79.53,77.75,31.86,49.1,69.37,69.61,100,84.35,73.4,98.32,NA,31.86,100,76.1966666666667,"PT"
"334","11-29",91.88,88.05,79.3,77.75,31.86,48.62,69.36,69.61,100,84.35,73.7,98.32,NA,31.86,100,76.0666666666667,"PT"
"335","11-30",91.88,88.05,79.3,77.75,31.86,48.62,69.36,69.61,100,82.33,71.98,96.47,NA,31.86,100,75.6008333333333,"PT"
"336","12-01",91.88,88.05,78.04,77.75,31.86,48.62,69.36,70.32,100,79.91,71.19,96.47,NA,31.86,100,75.2875,"PT"
"337","12-02",91.88,88.05,78.02,77.75,31.86,48.62,69.36,71.03,100,77.5,71.71,96.47,NA,31.86,100,75.1875,"PT"
"338","12-03",91.88,88.05,78.02,77.75,31.86,48.62,69.36,71.38,100,75.11,71.99,96.47,NA,31.86,100,75.0408333333333,"PT"
"339","12-04",91.88,88.05,75.25,76.32,31.86,48.62,68.5,71.68,100,72.58,72.71,96.47,NA,31.86,100,74.4933333333333,"PT"
"340","12-05",91.11,88.04,66.74,74.93,31.86,48.62,66.5,71.68,99.64,70.19,73.56,96.47,NA,31.86,99.64,73.2783333333333,"PT"
"341","12-06",91.89,88.04,63.93,74.93,31.86,48.62,64.51,72.22,98.55,67.81,74.38,96.47,NA,31.86,98.55,72.7675,"PT"
"342","12-07",91.89,88.04,60.95,74.93,31.86,48.62,63.24,72.99,97.45,66.6,75.12,96.47,NA,31.86,97.45,72.3466666666667,"PT"
"343","12-08",91.89,88.04,57.28,74.93,31.86,48.62,63.24,73.76,97.45,66.6,75.95,96.47,NA,31.86,97.45,72.1741666666667,"PT"
"344","12-09",91.89,88.04,53.08,73.88,31.86,49.12,63.84,74.44,96.59,64.72,76.74,96.47,NA,31.86,96.59,71.7225,"PT"
"345","12-10",91.89,88.04,50.87,71.86,31.86,49.85,64.25,74.44,94.51,62.69,77.52,96.47,NA,31.86,94.51,71.1875,"PT"
"346","12-11",91.89,88.04,50.87,69.08,31.86,50.38,64.25,72.78,92.33,61.88,78.08,96.47,NA,31.86,92.33,70.6591666666667,"PT"
"347","12-12",91.89,88.04,44.74,66.38,31.86,50.38,64.24,70.64,90.87,61.88,78.82,95.16,NA,31.86,91.89,69.575,"PT"
"348","12-13",91.89,88.04,42.93,63.62,31.86,50.38,63.39,69.78,89.71,61.88,78.97,94.33,NA,31.86,91.89,68.8983333333333,"PT"
"349","12-14",91.89,88.04,41.45,63.62,31.86,50.38,63.39,69.78,89.71,61.88,78.97,94.33,NA,31.86,91.89,68.775,"PT"
"350","12-15",91.89,88.04,39.07,63.62,31.86,49.71,63.94,70.38,89.71,60.14,78.97,94.33,NA,31.86,91.89,68.4716666666667,"PT"
"351","12-16",91.89,88.04,35.73,62.93,32.37,48.06,64.39,71.06,89.71,58.24,78.97,94.7,NA,32.37,91.89,68.0075,"PT"
"352","12-17",91.89,88.04,32.93,60.22,33.05,47.53,64.39,71.06,88.83,56.23,78.97,95.29,NA,32.93,91.89,67.3691666666667,"PT"
"353","12-18",91.89,88.04,31.12,59.21,33.69,47.53,64.41,71.06,89.43,55.76,79.36,95.95,NA,31.12,91.89,67.2875,"PT"
"354","12-19",91.89,87.99,29.5,59.21,34.34,47.53,63.2,71.06,90.08,56.23,77.37,96.6,NA,29.5,91.89,67.0833333333333,"PT"
"355","12-20",91.89,88.09,28.8,59.21,34.98,47.53,62.09,71.19,90.72,56.92,74.99,97.27,NA,28.8,91.89,66.9733333333333,"PT"
"356","12-21",91.89,88.09,28.39,59.21,35.6,47.55,60.06,71.8,91.5,57.16,74.99,97.87,NA,28.39,91.89,67.0091666666667,"PT"
"357","12-22",91.89,88.89,27.67,59.21,35.6,47.9,59.83,72.53,92.26,57.51,74.99,97.87,NA,27.67,92.26,67.1791666666667,"PT"
"358","12-23",91.89,89.93,27.42,59.21,35.6,48.22,60.52,73.24,93.04,58.18,75.61,97.87,NA,27.42,93.04,67.5608333333333,"PT"
"359","12-24",91.89,89.93,27.42,59.21,35.6,48.88,61.19,74.03,93.84,58.92,76.3,97.87,NA,27.42,93.84,67.9233333333333,"PT"
"360","12-25",91.81,90.61,27.42,59.21,35.88,49.55,61.89,74.8,94.61,59.66,77,97.87,NA,27.42,94.61,68.3591666666667,"PT"
"361","12-26",91.81,91.84,27.42,59.21,36.51,50.22,62.62,75.58,95.21,60.31,77.49,98.29,NA,27.42,95.21,68.8758333333333,"PT"
"362","12-27",91.89,92.99,27.42,59.21,37.15,50.9,63.38,76.34,95.84,60.98,77.93,98.29,NA,27.42,95.84,69.36,"PT"
"363","12-28",91.89,92.99,27.42,59.21,37.78,51.58,64.15,77.1,96.58,61.65,78.67,98.29,NA,27.42,96.58,69.7758333333333,"PT"
"364","12-29",91.89,90.53,27.42,59.21,38.39,51.77,64.93,77.85,97.35,62.14,79.44,98.29,NA,27.42,97.35,69.9341666666667,"PT"
"365","12-30",91.81,94.46,80.64,59.21,39.04,51.77,65.7,78.53,98.06,62.14,80.1,98.29,NA,39.04,98.06,74.9791666666667,"PT"
"366","12-31",91.81,94.46,80.64,50.38,38.61,51.77,66.49,79.22,98.81,62.14,80.83,98.29,NA,38.61,98.81,74.4541666666667,"PT"
